part,part_elapsed_time_mean,part_had_explanation_mean,part_correctly_q_mean
1.0,22138.293,0.8552079304916553,0.745032376112908
2.0,17963.488,0.9612023411511017,0.7086940557862382
3.0,23674.268,0.9029283699095217,0.7014559300233209
4.0,22912.416,0.7929176835701388,0.6309975760057791
5.0,25320.758,0.9266542722382277,0.6100879206157267
6.0,34165.438,0.8951887707518147,0.6693883486048432
7.0,60338.633,0.8602278391493097,0.6596011232985171
